{"classes": [{"name": "Shape", "properties": [], "methods": [{"name": "open", "returnType": "unknown", "visibility": "public", "parameters": []}, {"name": "fill", "returnType": "unknown", "visibility": "public", "parameters": []}]}, {"name": "ShapeResizable", "properties": [], "methods": [{"name": "onResize", "returnType": "unknown", "visibility": "public", "parameters": []}]}, {"name": "RectangleShape", "properties": [], "methods": [{"name": "_init_", "returnType": "unknown", "visibility": "private", "parameters": []}, {"name": "draw", "returnType": "unknown", "visibility": "public", "parameters": []}, {"name": "move", "returnType": "unknown", "visibility": "public", "parameters": []}, {"name": "copy", "returnType": "unknown", "visibility": "public", "parameters": []}]}, {"name": "PointShape", "properties": [], "methods": [{"name": "_init_", "returnType": "unknown", "visibility": "private", "parameters": []}, {"name": "moveTo", "returnType": "unknown", "visibility": "public", "parameters": []}, {"name": "move", "returnType": "unknown", "visibility": "public", "parameters": []}, {"name": "hitTest", "returnType": "unknown", "visibility": "public", "parameters": []}]}, {"name": "LineShape", "properties": [], "methods": [{"name": "_init_", "returnType": "unknown", "visibility": "private", "parameters": []}, {"name": "draw", "returnType": "unknown", "visibility": "public", "parameters": []}, {"name": "hitTest", "returnType": "unknown", "visibility": "public", "parameters": []}]}, {"name": "RectangleShapeConnectable", "properties": [], "methods": [{"name": "_init_", "returnType": "unknown", "visibility": "private", "parameters": []}, {"name": "connect", "returnType": "unknown", "visibility": "public", "parameters": []}, {"name": "disconnect", "returnType": "unknown", "visibility": "public", "parameters": []}]}, {"name": "RectangleShapeConnectableResizeableSelectable", "properties": [], "methods": [{"name": "_init_", "returnType": "unknown", "visibility": "private", "parameters": []}, {"name": "connect", "returnType": "unknown", "visibility": "public", "parameters": []}, {"name": "disconnect", "returnType": "unknown", "visibility": "public", "parameters": []}]}, {"name": "RectangleShapeConnectableResizeableSelectableConnectable", "properties": [], "methods": [{"name": "_init_", "returnType": "unknown", "visibility": "private", "parameters": []}, {"name": "connect", "returnType": "unknown", "visibility": "public", "parameters": []}, {"name": "disconnect", "returnType": "unknown", "visibility": "public", "parameters": []}]}, {"name": "RectangleShapeConnectableResizeableSelectable", "properties": [], "methods": [{"name": "_init_", "returnType": "unknown", "visibility": "private", "parameters": []}, {"name": "connect", "returnType": "unknown", "visibility": "public", "parameters": []}, {"name": "disconnect", "returnType": "unknown", "visibility": "public", "parameters": []}]}, {"name": "CodeFrame", "properties": [{"name": "canvas", "type": "unknown", "visibility": "private"}, {"name": "popupmenu", "type": "unknown", "visibility": "private"}], "methods": [{"name": "__init__", "returnType": "unknown", "visibility": "private", "parameters": []}, {"name": "onPaintEvent", "returnType": "unknown", "visibility": "protected", "parameters": []}, {"name": "onLeftDown", "returnType": "unknown", "visibility": "protected", "parameters": []}, {"name": "onRightDown", "returnType": "unknown", "visibility": "protected", "parameters": []}, {"name": "onLeftClick", "returnType": "unknown", "visibility": "protected", "parameters": []}, {"name": "onRightClick", "returnType": "unknown", "visibility": "protected", "parameters": []}]}, {"name": "ShapeCanvas", "properties": [{"name": "selectedShapes", "type": "unknown", "visibility": "private"}], "methods": [{"name": "__init__", "returnType": "unknown", "visibility": "private", "parameters": []}, {"name": "addShape", "returnType": "unknown", "visibility": "public", "parameters": []}, {"name": "appendShape", "returnType": "unknown", "visibility": "public", "parameters": []}, {"name": "insertShape", "returnType": "unknown", "visibility": "public", "parameters": []}, {"name": "removeShape", "returnType": "unknown", "visibility": "public", "parameters": []}, {"name": "keyPress", "returnType": "unknown", "visibility": "public", "parameters": []}, {"name": "onPaintEvent", "returnType": "unknown", "visibility": "protected", "parameters": []}, {"name": "onLeftDown", "returnType": "unknown", "visibility": "protected", "parameters": []}, {"name": "onRightDown", "returnType": "unknown", "visibility": "protected", "parameters": []}, {"name": "onLeftClick", "returnType": "unknown", "visibility": "protected", "parameters": []}, {"name": "onRightClick", "returnType": "unknown", "visibility": "protected", "parameters": []}, {"name": "setDiagram", "returnType": "unknown", "visibility": "public", "parameters": []}, {"name": "selectProp", "returnType": "unknown", "visibility": "public", "parameters": []}, {"name": "acceptProp", "returnType": "unknown", "visibility": "public", "parameters": []}, {"name": "getEventCoordinates", "returnType": "unknown", "visibility": "protected", "parameters": []}, {"name": "getSelectedShapes", "returnType": "unknown", "visibility": "protected", "parameters": []}, {"name": "deselect", "returnType": "unknown", "visibility": "public", "parameters": []}, {"name": "select", "returnType": "unknown", "visibility": "public", "parameters": []}, {"name": "showOutputs", "returnType": "unknown", "visibility": "public", "parameters": []}, {"name": "showInputs", "returnType": "unknown", "visibility": "public", "parameters": []}]}, {"name": "wxFrame", "properties": []}]}