{"classes": [{"name": "wx.Frame", "properties": [], "methods": []}, {"name": "wx.App", "properties": [], "methods": []}, {"name": "TestFrame__init__", "properties": [], "methods": []}, {"name": "Appointment", "properties": [], "methods": []}, {"name": "ImageViewer", "properties": [{"name": "lines", "type": "unknown", "visibility": "public"}], "methods": [{"name": "__init__", "returnType": "unknown", "visibility": "private", "parameters": []}, {"name": "ViewImage", "returnType": "unknown", "visibility": "public", "parameters": []}, {"name": "fallback", "returnType": "unknown", "visibility": "public", "parameters": []}, {"name": "_createNewWhiteBmp", "returnType": "unknown", "visibility": "private", "parameters": []}, {"name": "onPopUpItemSelected", "returnType": "unknown", "visibility": "public", "parameters": []}, {"name": "onRightButtonMClick", "returnType": "unknown", "visibility": "public", "parameters": []}, {"name": "saveBmp", "returnType": "unknown", "visibility": "public", "parameters": []}, {"name": "FileLoad", "returnType": "unknown", "visibility": "public", "parameters": []}, {"name": "onKeyPress", "returnType": "unknown", "visibility": "public", "parameters": []}, {"name": "onKeyUp", "returnType": "unknown", "visibility": "public", "parameters": []}, {"name": "getWidth", "returnType": "unknown", "visibility": "public", "parameters": []}, {"name": "getHeight", "returnType": "unknown", "visibility": "public", "parameters": []}, {"name": "onErase", "returnType": "unknown", "visibility": "public", "parameters": []}, {"name": "onWheelZoom", "returnType": "unknown", "visibility": "public", "parameters": []}, {"name": "zoom", "returnType": "unknown", "visibility": "public", "parameters": []}, {"name": "onResize", "returnType": "unknown", "visibility": "public", "parameters": []}, {"name": "calcVirtSize", "returnType": "unknown", "visibility": "public", "parameters": []}, {"name": "NeedToClear", "returnType": "unknown", "visibility": "public", "parameters": []}, {"name": "DebrushSize", "returnType": "unknown", "visibility": "public", "parameters": []}, {"name": "onPaint", "returnType": "unknown", "visibility": "public", "parameters": []}, {"name": "onLeftDown", "returnType": "unknown", "visibility": "public", "parameters": []}, {"name": "onLeftUp", "returnType": "unknown", "visibility": "public", "parameters": []}, {"name": "onMove", "returnType": "unknown", "visibility": "public", "parameters": []}, {"name": "DoDrawing", "returnType": "unknown", "visibility": "public", "parameters": []}, {"name": "drawSavedLines", "returnType": "unknown", "visibility": "public", "parameters": []}, {"name": "setxy", "returnType": "unknown", "visibility": "public", "parameters": []}, {"name": "ConvertEventCoords", "returnType": "unknown", "visibility": "public", "parameters": []}]}, {"name": "wx.ScrolledWindow", "properties": [], "methods": []}, {"name": "Coords", "properties": [], "methods": []}]}