{"classes": [{"name": "object", "properties": [], "methods": []}, {"name": "HandleClasses", "properties": [], "methods": []}, {"name": "_ReadAllTokensfromFile", "properties": [], "methods": []}, {"name": "_ReadAllTokensfromFile", "properties": [], "methods": []}, {"name": "HandleClasses", "properties": [], "methods": []}, {"name": "HandleClassAttributes", "properties": [], "methods": []}, {"name": "HandleClassAttributes", "properties": [], "methods": []}, {"name": "HandleClassAttributes", "properties": [], "methods": []}, {"name": "HandleClassAttributes", "properties": [], "methods": []}, {"name": "HandleClassAttributes", "properties": [], "methods": []}, {"name": "HandleClassAttributes", "properties": [], "methods": []}, {"name": "HandleClassAttributes", "properties": [], "methods": []}, {"name": "HandleClassAttributes", "properties": [], "methods": []}, {"name": "HandleClassAttributes", "properties": [], "methods": []}, {"name": "HandleClassAttributes", "properties": [], "methods": []}, {"name": "HandleClassAttributes", "properties": [], "methods": []}, {"name": "HandleClassAttributes", "properties": [], "methods": []}, {"name": "HandleClassAttributes", "properties": [], "methods": []}, {"name": "HandleClassAttributes", "properties": [], "methods": []}, {"name": "HandleClassAttributes", "properties": [], "methods": []}, {"name": "HandleClassAttributes", "properties": [], "methods": []}, {"name": "HandleClassAttributes", "properties": [], "methods": []}, {"name": "HandleClassAttributes", "properties": [], "methods": []}, {"name": "HandleClassAttributes", "properties": [], "methods": []}, {"name": "HandleClassAttributes", "properties": [], "methods": []}, {"name": "HandleClassAttributes", "properties": [], "methods": []}, {"name": "HandleClassAttributes", "properties": [], "methods": []}, {"name": "HandleClassAttributes", "properties": [], "methods": []}, {"name": "HandleClassAttributes", "properties": [], "methods": []}, {"name": "HandleClassAttributes", "properties": [], "methods": []}, {"name": "HandleClassAttributes", "properties": [], "methods": []}, {"name": "HandleClassAttributes", "properties": [], "methods": []}, {"name": "HandleClassAttributes", "properties": [], "methods": []}, {"name": "HandleClassAttributes", "properties": [], "methods": []}, {"name": "HandleClassAttributes", "properties": [], "methods": []}, {"name": "HandleClassAttributes", "properties": [], "methods": []}, {"name": "HandleClassAttributes", "properties": [], "methods": []}, {"name": "HandleClassAttributes", "properties": [], "methods": []}, {"name": "HandleClassAttributes", "properties": [], "methods": []}, {"name": "HandleClassAttributes", "properties": [], "methods": []}, {"name": "HandleClassAttributes", "properties": [], "methods": []}, {"name": "HandleClassAttributes", "properties": [], "methods": []}, {"name": "HandleClassAttributes", "properties": [], "methods": []}, {"name": "HandleClassAttributes", "properties": [], "methods": []}, {"name": "HandleClassAttributes", "properties": [], "methods": []}, {"name": "HandleClassAttributes", "properties": [], "methods": []}, {"name": "HandleClassAttributes", "properties": [], "methods": []}, {"name": "HandleClassAttributes", "properties": [], "methods": []}, {"name": "HandleClassAttributes", "properties": [], "methods": []}, {"name": "HandleClassAttributes", "properties": [], "methods": []}, {"name": "HandleClassAttributes", "properties": [], "methods": []}, {"name": "HandleClassAttributes", "properties": [], "methods": []}, {"name": "HandleClassAttributes", "properties": [], "methods": []}, {"name": "HandleClassAttributes", "properties": [], "methods": []}, {"name": "HandleClassAttributes", "properties": [], "methods": []}, {"name": "HandleClassAttributes", "properties": [], "methods": []}, {"name": "HandleClassAttributes", "properties": [], "methods": []}, {"name": "HandleClassAttributes", "properties": [], "methods": []}, {"name": "HandleClassAttributes", "properties": [], "methods": []}, {"name": "HandleClassAttributes", "properties": [], "methods": []}, {"name": "HandleClassAttributes", "properties": [], "methods": []}, {"name": "HandleClassAttributes", "properties": [], "methods": []}, {"name": "HandleClassAttributes", "properties": [], "methods": []}, {"name": "HandleClassAttributes", "properties": [], "methods": []}, {"name": "HandleClassAttributes", "properties": [], "methods": []}, {"name": "HandleClassAttributes", "properties": [], "methods": []}, {"name": "HandleClassAttributes", "properties": [], "methods": []}, {"name": "HandleClassAttributes", "properties": [], "methods": []}, {"name": "HandleClassAttributes", "properties": [], "methods": []}, {"name": "HandleClassAttributes", "properties": [], "methods": []}, {"name": "HandleClassAttributes", "properties": [], "methods": []}, {"name": "HandleClassAttributes", "properties": [], "methods": []}, {"name": "HandleClassAttributes", "properties": [], "methods": []}, {"name": "HandleClassAttributes", "properties": [], "methods": []}, {"name": "HandleClassAttributes", "properties": [], "methods": []}, {"name": "HandleClassAttributes", "properties": [], "methods": []}, {"name": "HandleClassAttributes", "properties": [], "methods": []}, {"name": "HandleClassAttributes", "properties": [], "methods": []}, {"name": "HandleClassAttributes", "properties": [], "methods": []}, {"name": "HandleClassAttributes", "properties": [], "methods": []}, {"name": "HandleClassAttributes", "properties": [], "methods": []}, {"name": "HandleClassAttributes", "properties": [], "methods": []}, {"name": "HandleClassAttributes", "properties": [], "methods": []}, {"name": "HandleClassAttributes", "properties": [], "methods": []}, {"name": "HandleClassAttributes", "properties": [], "methods": []}, {"name": "HandleClassAttributes", "properties": [], "methods": []}, {"name": "HandleClassAttributes", "properties": [], "methods": []}, {"name": "HandleClassAttributes", "properties": [], "methods": []}, {"name": "HandleClassAttributes"}]}