{"classes": [{"name": "object", "properties": [], "methods": []}, {"name": "AndyBasicParseEngine", "properties": [], "methods": [{"name": "_init__", "returnType": "unknown", "visibility": "private", "parameters": []}, {"name": "_ReadAllTokensFromFile", "returnType": "unknown", "visibility": "private", "parameters": []}, {"name": "Parse", "returnType": "unknown", "visibility": "public", "parameters": []}, {"name": "_Parse_loop", "returnType": "unknown", "visibility": "private", "parameters": []}, {"name": "on_deindent", "returnType": "unknown", "visibility": "private", "parameters": []}, {"name": "on_newline", "returnType": "unknown", "visibility": "private", "parameters": []}, {"name": "on_meat", "returnType": "unknown", "visibility": "private", "parameters": []}, {"name": "_Gotmeat", "returnType": "unknown", "visibility": "private", "parameters": []}, {"name": "Isblank", "returnType": "unknown", "visibility": "private", "parameters": []}, {"name": "Isineolice", "returnType": "unknown", "visibility": "private", "parameters": []}, {"name": "_Ispadding", "returnType": "unknown", "visibility": "private", "parameters": []}]}]}