{"classes": [{"name": "Customer", "properties": [], "methods": []}, {"name": "Order", "properties": [], "methods": []}, {"name": "PaymentMethod", "properties": [], "methods": []}, {"name": "LineItem", "properties": [], "methods": []}, {"name": "Person", "properties": [{"name": "firstName", "type": "string", "visibility": "public"}, {"name": "lastName", "type": "string", "visibility": "public"}], "methods": [{"name": "getFullName", "returnType": "string", "visibility": "public", "parameters": []}]}, {"name": "Python", "properties": [{"name": "version", "type": "string", "visibility": "public"}], "methods": [{"name": "installPackage", "returnType": "void", "visibility": "public", "parameters": []}]}], "relationships": [{"relationshipType": "composition", "fromClass": "Customer", "toClass": "Order"}, {"relationshipType": "composition", "fromClass": "Order", "toClass": "PaymentMethod"}, {"relationshipType": "composition", "fromClass": "Order", "toClass": "LineItem"}, {"relationshipType": "composition", "fromClass": "Person", "toClass": "Customer"}, {"relationshipType": "composition", "fromClass": "Customer", "toClass": "Order"}, {"relationshipType": "composition", "fromClass": "Order", "toClass": "Python"}]}