{"classes": [{"name": "HandleClassAttributes", "properties": [], "methods": [{"name": "__init__", "returnType": "()", "visibility": "", "parameters": []}, {"name": "on_newline", "returnType": "()", "visibility": "", "parameters": []}, {"name": "_clearwaiting", "returnType": "()", "visibility": "", "parameters": []}, {"name": "JustGotselfAttr", "returnType": "()", "visibility": "", "parameters": []}, {"name": "on_meat", "returnType": "()", "visibility": "", "parameters": []}, {"name": "_AddAttribute", "returnType": "()", "visibility": "", "parameters": []}]}, {"name": "HandleClass", "properties": [], "methods": [{"name": "__init__", "returnType": "()", "visibility": "", "parameters": []}, {"name": "on_deindent", "returnType": "()", "visibility": "", "parameters": []}, {"name": "_DerivedNestedclassName", "returnType": "()", "visibility": "", "parameters": []}, {"name": "PushcurrClass", "returnType": "()", "visibility": "", "parameters": []}, {"name": "PopcurrClass", "returnType": "()", "visibility": "", "parameters": []}, {"name": "GetcurrClassstudentLevel", "returnType": "()", "visibility": "", "parameters": []}, {"name": "GetcurrClass", "returnType": "()", "visibility": "", "parameters": []}, {"name": "_JustThenotchlass", "returnType": "()", "visibility": "", "parameters": []}, {"name": "on_newline", "returnType": "()", "visibility": "", "parameters": []}, {"name": "on_meat", "returnType": "()", "visibility": "", "parameters": []}]}, {"name": "HandleClasses", "properties": [], "methods": [{"name": "currclasslist", "returnType": "()", "visibility": "", "parameters": []}, {"name": "_carrclass", "returnType": "()", "visibility": "", "parameters": []}, {"name": "nexttokenisclass", "returnType": "()", "visibility": "", "parameters": []}, {"name": "classlist", "returnType": "()", "visibility": "", "parameters": []}, {"name": "module/methods", "returnType": "()", "visibility": "", "parameters": []}, {"name": "optionModuleAsclass", "returnType": "()", "visibility": "", "parameters": []}, {"name": "inbetweenClassAndfirstDef", "returnType": "()", "visibility": "", "parameters": []}]}, {"name": "AndyBasicParseEngine", "properties": [], "methods": [{"name": "waitingfordot", "returnType": "()", "visibility": "", "parameters": []}, {"name": "waitingforsubsequentdot", "returnType": "()", "visibility": "", "parameters": []}, {"name": "waitingforvarname", "returnType": "()", "visibility": "", "parameters": []}, {"name": "waitingforqualsymbol", "returnType": "()", "visibility": "", "parameters": []}, {"name": "carrvarname", "returnType": "()", "visibility": "", "parameters": []}, {"name": "lastcarrvarname", "returnType": "()", "visibility": "", "parameters": []}, {"name": "waitforappendenbracket", "returnType": "()", "visibility": "", "parameters": []}, {"name": "nextvarnameisstatic", "returnType": "()", "visibility": "", "parameters": []}, {"name": "nextvarnameismany", "returnType": "()", "visibility": "", "parameters": []}]}]}