{"classes": [{"name": "PythonToJava", "properties": [], "methods": []}, {"name": "AnalyzeBasicParseEngine", "properties": [], "methods": []}, {"name": "_HandleHeriedClasses", "properties": [], "methods": []}, {"name": "HandleHeriedClasses", "properties": [], "methods": []}, {"name": "_HandleBets", "properties": [], "methods": []}, {"name": "HandleClassAttributes", "properties": [], "methods": []}, {"name": "HandleClassAttributes", "properties": [], "methods": []}, {"name": "HandleClassAttributes", "properties": [], "methods": []}, {"name": "HandleClassAttributes", "properties": [], "methods": []}, {"name": "HandleClassAttributes", "properties": [], "methods": []}, {"name": "HandleClassAttributes", "properties": [], "methods": []}, {"name": "HandleClassAttributes", "properties": [], "methods": []}, {"name": "HandleClassAttributes", "properties": [], "methods": []}, {"name": "HandleClassAttributes", "properties": [], "methods": []}, {"name": "HandleClassAttributes", "properties": [], "methods": []}, {"name": "HandleClassAttributes", "properties": [], "methods": []}, {"name": "HandleClassAttributes", "properties": [], "methods": []}, {"name": "HandleClassAttributes", "properties": [], "methods": []}, {"name": "HandleClassAttributes", "properties": [], "methods": []}, {"name": "HandleClassAttributes", "properties": [], "methods": []}, {"name": "HandleClassAttributes", "properties": [], "methods": []}, {"name": "HandleClassAttributes", "properties": [], "methods": []}, {"name": "HandleClassAttributes", "properties": [], "methods": []}, {"name": "HandleClassAttributes", "properties": [], "methods": []}, {"name": "HandleClassAttributes", "properties": [], "methods": []}, {"name": "HandleClassAttributes", "properties": [], "methods": []}, {"name": "HandleClassAttributes", "properties": [], "methods": []}, {"name": "HandleClassAttributes", "properties": [], "methods": []}, {"name": "HandleClassAttributes", "properties": [], "methods": []}, {"name": "HandleClassAttributes", "properties": [], "methods": []}, {"name": "HandleClassAttributes", "properties": [], "methods": []}, {"name": "HandleClassAttributes", "properties": [], "methods": []}, {"name": "HandleClassAttributes", "properties": [], "methods": []}, {"name": "HandleClassAttributes", "properties": [], "methods": []}, {"name": "HandleClassAttributes", "properties": [], "methods": []}, {"name": "HandleClassAttributes", "properties": [], "methods": []}, {"name": "HandleClassAttributes", "properties": [], "methods": []}, {"name": "HandleClassAttributes", "properties": [], "methods": []}, {"name": "HandleClassAttributes", "properties": [], "methods": []}, {"name": "HandleClassAttributes", "properties": [], "methods": []}, {"name": "HandleClassAttributes", "properties": [], "methods": []}, {"name": "HandleClassAttributes", "properties": [], "methods": []}, {"name": "HandleClassAttributes", "properties": [], "methods": []}, {"name": "HandleClassAttributes", "properties": [], "methods": []}, {"name": "HandleClassAttributes", "properties": [], "methods": []}, {"name": "HandleClassAttributes", "properties": [], "methods": []}, {"name": "HandleClassAttributes", "properties": [], "methods": []}, {"name": "HandleClassAttributes", "properties": [], "methods": []}, {"name": "HandleClassAttributes", "properties": [], "methods": []}, {"name": "HandleClassAttributes", "properties": [], "methods": []}, {"name": "HandleClassAttributes", "properties": [], "methods": []}, {"name": "HandleClassAttributes", "properties": [], "methods": []}, {"name": "HandleClassAttributes", "properties": [], "methods": []}, {"name": "HandleClassAttributes", "properties": [], "methods": []}, {"name": "HandleClassAttributes", "properties": [], "methods": []}, {"name": "HandleClassAttributes", "properties": [], "methods": []}, {"name": "HandleClassAttributes", "properties": [], "methods": []}, {"name": "HandleClassAttributes", "properties": [], "methods": []}, {"name": "HandleClassAttributes", "properties": [], "methods": []}, {"name": "HandleClassAttributes", "properties": [], "methods": []}, {"name": "HandleClassAttributes", "properties": [], "methods": []}, {"name": "HandleClassAttributes", "properties": [], "methods": []}, {"name": "HandleClassAttributes", "properties": [], "methods": []}, {"name": "HandleClassAttributes", "properties": [], "methods": []}, {"name": "HandleClassAttributes", "properties": [], "methods": []}, {"name": "HandleClassAttributes", "properties": [], "methods": []}, {"name": "HandleClassAttributes", "properties": [], "methods": []}, {"name": "HandleClassAttributes", "properties": [], "methods": []}, {"name": "HandleClassAttributes", "properties": [], "methods": []}, {"name": "HandleClassAttributes", "properties": [], "methods": []}, {"name": "HandleClassAttributes", "properties": [], "methods": []}, {"name": "HandleClassAttributes", "properties": [], "methods": []}, {"name": "HandleClassAttributes", "properties": [], "methods": []}, {"name": "HandleClassAttributes", "properties": [], "methods": []}, {"name": "HandleClassAttributes", "properties": [], "methods": []}, {"name": "HandleClassAttributes", "properties": [], "methods": []}, {"name": "HandleClassAttributes", "properties": [], "methods": []}, {"name": "HandleClassAttributes", "properties": [], "methods": []}, {"name": "HandleClassAttributes", "properties": [], "methods": []}, {"name": "HandleClassAttributes", "properties": [], "methods": []}, {"name": "HandleClassAttributes", "properties": [], "methods": []}, {"name": "HandleClassAttributes", "properties": [], "methods": []}, {"name": "HandleClassAttributes", "properties": [], "methods": []}, {"name": "HandleClassAttributes", "properties": [], "methods": []}, {"name": "HandleClassAttributes", "properties": [], "methods": []}, {"name": "HandleClassAttributes", "properties": [], "methods": []}, {"name": "HandleClassAttributes", "properties": [], "methods": []}, {"name": "HandleClassAttributes", "properties": [], "methods": []}, {"name": "HandleClassAttributes"}]}