{"classes": [{"name": "MarkupContainer", "properties": [], "methods": [{"name": "<init>", "returnType": "(MarkdownContainer)", "visibility": "public", "parameters": []}, {"name": "addComponent", "returnType": "(void)", "visibility": "public", "parameters": [{"name": "component", "type": "Component"}]}, {"name": "addOrReplaceComponent", "returnType": "(void)", "visibility": "public", "parameters": [{"name": "component", "type": "Component"}, {"name": "markupContainer", "type": "MarkupContainer"}]}, {"name": "autoAdd", "returnType": "(void)", "visibility": "public", "parameters": [{"name": "component", "type": "Component"}, {"name": "markupStream", "type": "MarkupStream"}]}, {"name": "contains", "returnType": "(boolean)", "visibility": "public", "parameters": [{"name": "component", "type": "Component"}, {"name": "boolean", "type": "boolean"}]}, {"name": "getAssociatedMarkupStream", "returnType": "(MarkdownStream)", "visibility": "public", "parameters": []}, {"name": "getAssociatedMarkup", "returnType": "(Markdown)", "visibility": "public", "parameters": []}, {"name": "getComponent", "returnType": "(MarkdownFragment)", "visibility": "public", "parameters": [{"name": "component", "type": "Component"}]}, {"name": "getMarkupType", "returnType": "(MarkdownType)", "visibility": "public", "parameters": []}, {"name": "internalAdd", "returnType": "(void)", "visibility": "private", "parameters": [{"name": "component", "type": "Component"}]}, {"name": "iterator", "returnType": "(Iterator)", "visibility": "public", "parameters": [{"name": "component", "type": "Component"}]}, {"name": "remove", "returnType": "(void)", "visibility": "public", "parameters": [{"name": "component", "type": "Component"}]}, {"name": "removeAll", "returnType": "(void)", "visibility": "public", "parameters": [{"name": "markdownContainer", "type": "MarkdownContainer"}]}, {"name": "renderAssociatedMarkdown", "returnType": "(void)", "visibility": "protected", "parameters": [{"name": "string", "type": "String"}]}, {"name": "replace", "returnType": "(void)", "visibility": "public", "parameters": [{"name": "component", "type": "Component"}]}, {"name": "setDefaultModel", "returnType": "(void)", "visibility": "public", "parameters": [{"name": "model", "type": "Model"}]}, {"name": "size", "returnType": "(int)", "visibility": "public", "parameters": []}, {"name": "toString", "returnType": "(String)", "visibility": "public", "parameters": []}, {"name": "visitChildren", "returnType": "(void)", "visibility": "protected", "parameters": [{"name": "visitor", "type": "Visitor"}]}, {"name": "internalInitialize", "returnType": "(void)", "visibility": "protected", "parameters": []}, {"name": "onComponentTagBody", "returnType": "(void)", "visibility": "protected", "parameters": [{"name": "markdownStream", "type": "MarkdownStream"}, {"name": "componentTag", "type": "ComponentTag"}]}, {"name": "queue", "returnType": "(void)", "visibility": "protected", "parameters": [{"name": "component", "type": "Component"}]}, {"name": "dequeue", "returnType": "(void)", "visibility": "protected", "parameters": [{"name": "context", "type": "DequeueContext"}]}, {"name": "newDequeueContext", "returnType": "(DequeueContext)", "visibility": "protected", "parameters": []}, {"name": "getRegionMarkup", "returnType": "(ILinkedMarkdownFragment)", "visibility": "protected", "parameters": []}, {"name": "findComponentToDequeue", "returnType": "(Component)", "visibility": "protected", "parameters": [{"name": "stream", "type": "Stream"}, {"name": "component", "type": "Component"}]}, {"name": "streamChildren", "returnType": "(void)", "visibility": "protected", "parameters": [{"name": "stream", "type": "Stream"}, {"name": "component", "type": "Component"}]}, {"name": "get", "returnType": "(IRequestableComponent)", "visibility": "public", "parameters": [{"name": "string", "type": "String"}]}]}, {"name": "Panel", "properties": [], "methods": [{"name": "<init>", "returnType": "(Panel)", "visibility": "public", "parameters": []}, {"name": "getRegionMarkup", "returnType": "(ILinkedMarkdownFragment)", "visibility": "public", "parameters": [{"name": "string", "type": "String"}]}]}, {"name": "WebPage", "properties": [], "methods": [{"name": "getMarkupType", "returnType": "(MarkdownType)", "visibility": "public", "parameters": []}, {"name": "isDirty", "returnType": "(void)", "visibility": "public", "parameters": []}]}]}