{"classes": [{"name": "org.apache.wicket.model.IModel", "properties": [], "methods": [{"name": "setDefaultModel", "returnType": "void", "visibility": "public", "parameters": []}, {"name": "getDefaultModelObject", "returnType": "Object", "visibility": "public", "parameters": []}, {"name": "get", "returnType": "Object", "visibility": "public", "parameters": []}]}, {"name": "org.apache.wicket.model.IModel<T>", "properties": [], "methods": [{"name": "getObject", "returnType": "T", "visibility": "public", "parameters": []}, {"name": "getObject", "returnType": "Object", "visibility": "public", "parameters": []}]}]}