{"classes": [{"name": "java.awt.Component", "properties": [], "methods": [], "relationships": [{"relationship": "extends", "target": "java.awt.Window"}, {"relationship": "extends", "target": "org.apache.wicket.Component"}]}, {"name": "java.awt.Window", "properties": [], "methods": [], "relationships": [{"relationship": "extends", "target": "java.awt.Component"}]}, {"name": "org.apache.wicket.Component", "properties": [], "methods": [], "relationships": [{"relationship": "extends", "target": "+ org.apache.wicket.Component"}]}, {"name": "org.apache.wicket.WebPage", "properties": [], "methods": [], "relationships": [{"relationship": "extends", "target": "org.apache.wicket.Component"}]}]}