{"classes": [{"name": "Logger", "properties": [], "methods": [{"name": "+getLogger()", "returnType": "Logger", "visibility": "public"}, {"name": "+addAppender(a: Appender)", "returnType": "void", "visibility": "public"}, {"name": "+setLevel(level: Level)", "returnType": "void", "visibility": "public"}, {"name": "+fatal(message: String)", "returnType": "void", "visibility": "public"}, {"name": "+error(message: String)", "returnType": "void", "visibility": "public"}, {"name": "+debug(message: String)", "returnType": "void", "visibility": "public"}, {"name": "+info(message: String)", "returnType": "void", "visibility": "public"}, {"name": "+clear()", "returnType": "void", "visibility": "public"}]}, {"name": "Appender", "properties": [], "methods": [{"name": "+doAppend()", "returnType": "void", "visibility": "public"}, {"name": "+doClear()", "returnType": "void", "visibility": "public"}, {"name": "+setLayout()", "returnType": "void", "visibility": "public"}]}, {"name": "Layout", "properties": [], "methods": [{"name": "+format()", "returnType": "String", "visibility": "public"}]}, {"name": "ConsoleAppender", "properties": [], "methods": []}, {"name": "FileAppender", "properties": [], "methods": []}, {"name": "JSConsoleAppender", "properties": [], "methods": []}, {"name": "M\u53d8\u6001agAppender", "properties": [], "methods": []}, {"name": "WindowsEventsAppender", "properties": [], "methods": []}, {"name": "BasicLayout", "properties": [], "methods": []}, {"name": "HtmlLayout", "properties": [], "methods": []}, {"name": "JSONLayout", "properties": [], "methods": []}, {"name": "XMLLayout", "properties": [], "methods": []}]}