{"classes": [{"name": "MainApp", "properties": [], "methods": [{"name": "__init__", "returnType": null, "visibility": "private", "parameters": []}]}, {"name": "ShapeMenuMgr", "properties": [], "methods": [{"name": "__init__", "returnType": null, "visibility": "private", "parameters": []}]}, {"name": "ShapeMenu", "properties": [], "methods": [{"name": "__init__", "returnType": null, "visibility": "private", "parameters": []}, {"name": "onCheckboxClick", "returnType": null, "visibility": "public", "parameters": []}, {"name": "onCheckboxLeftClick", "returnType": null, "visibility": "public", "parameters": []}, {"name": "onCheckboxRightClick", "returnType": null, "visibility": "public", "parameters": []}, {"name": "onCheckboxSelect", "returnType": null, "visibility": "public", "parameters": []}]}, {"name": "ShapeEventHandler", "properties": [], "methods": [{"name": "__init__", "returnType": null, "visibility": "private", "parameters": []}]}, {"name": "App", "properties": [], "methods": [{"name": "__init__", "returnType": null, "visibility": "private", "parameters": []}]}, {"name": "Canvas", "properties": [], "methods": [{"name": "__init__", "returnType": null, "visibility": "private", "parameters": []}]}, {"name": "Diagram", "properties": [], "methods": [{"name": "__init__", "returnType": null, "visibility": "private", "parameters": []}]}, {"name": "Graph", "properties": [], "methods": [{"name": "__init__", "returnType": null, "visibility": "private", "parameters": []}]}, {"name": "ShapeDisplayModel", "properties": [], "methods": [{"name": "__init__", "returnType": null, "visibility": "private", "parameters": []}]}]}