{"classes": [{"name": "ShapeCanvas", "properties": [], "methods": [{"name": "on_shape_context_menu", "returnType": "unknown", "visibility": "public", "parameters": []}, {"name": "on_shape_double_click", "returnType": "unknown", "visibility": "public", "parameters": []}]}, {"name": "ShapeHandler", "properties": [], "methods": [{"name": "__init__", "returnType": "unknown", "visibility": "public", "parameters": []}, {"name": "on_shape_context_menu", "returnType": "unknown", "visibility": "public", "parameters": []}, {"name": "on_shape_double_click", "returnType": "unknown", "visibility": "public", "parameters": []}]}, {"name": "diagram_canvas", "properties": [{"name": "shape_canvas", "type": "ShapeCanvas", "visibility": "private"}], "methods": [{"name": "__init__", "returnType": "unknown", "visibility": "public", "parameters": []}, {"name": "on_shape_context_menu", "returnType": "unknown", "visibility": "public", "parameters": []}, {"name": "on_shape_double_click", "returnType": "unknown", "visibility": "public", "parameters": []}]}, {"name": "frame", "properties": [{"name": "diagram_canvas", "type": "diagram_canvas", "visibility": "private"}], "methods": [{"name": "__init__", "returnType": "unknown", "visibility": "public", "parameters": []}, {"name": "on_shape_context_menu", "returnType": "unknown", "visibility": "public", "parameters": []}, {"name": "on_shape_double_click", "returnType": "unknown", "visibility": "public", "parameters": []}]}, {"name": "shapeEditorCanvas", "properties": [{"name": "eventHandler", "type": "eventHandler", "visibility": "private"}], "methods": [{"name": "__init__", "returnType": "unknown", "visibility": "public", "parameters": []}, {"name": "on_shape_context_menu", "returnType": "unknown", "visibility": "public", "parameters": []}, {"name": "on_shape_double_click", "returnType": "unknown", "visibility": "public", "parameters": []}]}, {"name": "eventHandler", "properties": [], "methods": [{"name": "__init__", "returnType": "unknown", "visibility": "public", "parameters": []}, {"name": "on_shape_context_menu", "returnType": "unknown", "visibility": "public", "parameters": []}, {"name": "on_shape_double_click", "returnType": "unknown", "visibility": "public", "parameters": []}]}, {"name": "mainWindow", "properties": [{"name": "shapeCanvas", "type": "ShapeCanvas", "visibility": "private"}, {"name": "shapeEditorCanvas", "type": "shapeEditorCanvas", "visibility": "private"}], "methods": [{"name": "__init__", "returnType": "unknown", "visibility": "public", "parameters": []}, {"name": "show", "returnType": "unknown", "visibility": "public", "parameters": []}]}]}