{"classes": [{"name": "HexAdapter", "properties": [], "methods": [{"name": "getMetaClass", "returnType": "unknown", "visibility": "public", "parameters": []}, {"name": "setApp", "returnType": "unknown", "visibility": "public", "parameters": []}]}, {"name": "IServer", "properties": [], "methods": [{"name": "startServer", "returnType": "unknown", "visibility": "public", "parameters": []}, {"name": "getUrlOrigin", "returnType": "unknown", "visibility": "public", "parameters": []}]}, {"name": "IModel", "properties": [], "methods": [{"name": "clear", "returnType": "unknown", "visibility": "public", "parameters": []}, {"name": "getModelSize", "returnType": "unknown", "visibility": "public", "parameters": []}, {"name": "addThing", "returnType": "unknown", "visibility": "public", "parameters": []}]}, {"name": "IGui", "properties": [], "methods": [{"name": "addThing", "returnType": "unknown", "visibility": "public", "parameters": []}]}, {"name": "Model", "properties": [{"name": "things", "type": "unknown", "visibility": "private"}, {"name": "observers", "type": "unknown", "visibility": "private"}, {"name": "app", "type": "unknown", "visibility": "private"}, {"name": "init", "type": "unknown", "visibility": "private"}, {"name": "str", "type": "unknown", "visibility": "private"}, {"name": "addInfo", "type": "unknown", "visibility": "private"}], "methods": [{"name": "info", "returnType": "unknown", "visibility": "public", "parameters": []}]}, {"name": "Thing", "properties": [{"name": "info", "type": "unknown", "visibility": "private"}], "methods": [{"name": "init", "returnType": "unknown", "visibility": "private", "parameters": []}, {"name": "str", "returnType": "unknown", "visibility": "private", "parameters": []}, {"name": "addInfo", "returnType": "unknown", "visibility": "private", "parameters": []}]}]}