{"classes": [{"name": "HexAdapter", "properties": [], "methods": [], "relationships": []}, {"name": "metaclass", "properties": [], "methods": [], "relationships": []}, {"name": "SetApp", "properties": [], "methods": [], "relationships": []}, {"name": "IModel", "properties": [], "methods": [{"name": "Clear", "returnType": "unknown", "visibility": "public", "parameters": []}, {"name": "GetModelSize", "returnType": "unknown", "visibility": "public", "parameters": []}, {"name": "AddThing", "returnType": "unknown", "visibility": "public", "parameters": []}]}, {"name": "IHexAdapter", "properties": [], "methods": [], "relationships": []}, {"name": "IServer", "properties": [], "methods": [{"name": "StartServer", "returnType": "unknown", "visibility": "public", "parameters": []}, {"name": "GetUrlOrigin", "returnType": "unknown", "visibility": "public", "parameters": []}]}, {"name": "IGui", "properties": [], "methods": [{"name": "AddThing", "returnType": "unknown", "visibility": "public", "parameters": []}]}]}