{"classes": [{"name": "HexAdapter", "properties": [], "methods": [{"name": "metaclass", "returnType": "unknown", "visibility": "public", "parameters": []}, {"name": "SetApp", "returnType": "unknown", "visibility": "public", "parameters": []}]}, {"name": "IServerDependencies", "properties": [], "methods": [{"name": "metaclass", "returnType": "unknown", "visibility": "public", "parameters": []}]}, {"name": "IServer", "properties": [{"name": "ServerOrigin", "type": "unknown", "visibility": "public"}], "methods": [{"name": "GetModelSize", "returnType": "unknown", "visibility": "public", "parameters": []}]}, {"name": "IModel", "properties": [], "methods": [{"name": "Clear", "returnType": "unknown", "visibility": "public", "parameters": []}, {"name": "GetModelSize", "returnType": "unknown", "visibility": "public", "parameters": []}, {"name": "AddThing", "returnType": "unknown", "visibility": "public", "parameters": []}]}, {"name": "IGui", "properties": [], "methods": [{"name": "AddThing", "returnType": "unknown", "visibility": "public", "parameters": []}]}, {"name": "IModelDependencies", "properties": [{"name": "metaClass", "type": "unknown", "visibility": "public"}], "methods": [{"name": "notifyOfModelChange", "returnType": "unknown", "visibility": "public", "parameters": []}]}]}