{"classes": [{"name": "Shape", "properties": [], "methods": [{"name": "onLeftUp", "returnType": "unknown", "visibility": "public"}, {"name": "onLeftDown", "returnType": "unknown", "visibility": "public"}, {"name": "onRightUp", "returnType": "unknown", "visibility": "public"}, {"name": "onRightDown", "returnType": "unknown", "visibility": "public"}, {"name": "onSelect", "returnType": "unknown", "visibility": "public"}, {"name": "onDeselect", "returnType": "unknown", "visibility": "public"}, {"name": "onMove", "returnType": "unknown", "visibility": "public"}, {"name": "onResize", "returnType": "unknown", "visibility": "public"}, {"name": "onConnect", "returnType": "unknown", "visibility": "public"}]}, {"name": "ShapeResizable", "properties": [], "methods": []}, {"name": "PointShape", "properties": [], "methods": [{"name": "_init_", "returnType": "unknown", "visibility": "private"}, {"name": "draw", "returnType": "unknown", "visibility": "public"}, {"name": "move", "returnType": "unknown", "visibility": "public"}, {"name": "copy", "returnType": "unknown", "visibility": "public"}]}, {"name": "RectangleShape", "properties": [], "methods": [{"name": "_init_", "returnType": "unknown", "visibility": "private"}, {"name": "draw", "returnType": "unknown", "visibility": "public"}, {"name": "hitTest", "returnType": "unknown", "visibility": "public"}]}, {"name": "LineShape", "properties": [], "methods": [{"name": "_init_", "returnType": "unknown", "visibility": "private"}, {"name": "draw", "returnType": "unknown", "visibility": "public"}, {"name": "hitTest", "returnType": "unknown", "visibility": "public"}]}, {"name": "Block", "properties": [], "methods": [{"name": "_init_", "returnType": "unknown", "visibility": "private"}]}, {"name": "BlockDiagram", "properties": [], "methods": [{"name": "selectProp", "returnType": "unknown", "visibility": "public"}, {"name": "acceptProp", "returnType": "unknown", "visibility": "public"}]}, {"name": "wxFrame", "properties": [], "methods": [{"name": "__init__", "returnType": "unknown", "visibility": "private"}]}, {"name": "wxScrolledWindow", "properties": [], "methods": []}, {"name": "ShapeCanvas", "properties": [{"name": "selectedShapes", "type": "unknown", "visibility": "public"}], "methods": [{"name": "__init__", "returnType": "unknown", "visibility": "private"}, {"name": "addShape", "returnType": "unknown", "visibility": "public"}, {"name": "appendShape", "returnType": "unknown", "visibility": "public"}, {"name": "insertShape", "returnType": "unknown", "visibility": "public"}, {"name": "removeShape", "returnType": "unknown", "visibility": "public"}, {"name": "keyPress", "returnType": "unknown", "visibility": "public"}, {"name": "paintEvent", "returnType": "unknown", "visibility": "protected"}, {"name": "onPaintEvent", "returnType": "unknown", "visibility": "protected"}, {"name": "onLeftDown", "returnType": "unknown", "visibility": "protected"}, {"name": "onLeftClick", "returnType": "unknown", "visibility": "protected"}, {"name": "onMotion", "returnType": "unknown", "visibility": "protected"}, {"name": "setDiagram", "returnType": "unknown", "visibility": "protected"}, {"name": "newPointShape", "returnType": "unknown", "visibility": "protected"}, {"name": "newLineShape", "returnType": "unknown", "visibility": "protected"}]}, {"name": "CodeFrame", "properties": [{"name": "canvas", "type": "unknown", "visibility": "private"}, {"name": "popupMenu", "type": "unknown", "visibility": "private"}], "methods": [{"name": "__init__", "returnType": "unknown", "visibility": "private"}, {"name": "zoomIn", "returnType": "unknown", "visibility": "public"}, {"name": "zoomOut", "returnType": "unknown", "visibility": "public"}, {"name": "newCodeBlock", "returnType": "unknown", "visibility": "public"}, {"name": "newContBlock", "returnType": "unknown", "visibility": "public"}, {"name": "newPointShape", "returnType": "unknown", "visibility": "public"}]}, {"name": "Node", "properties": [], "methods": [{"name": "_init_", "returnType": "unknown", "visibility": "private"}, {"name": "showProperties", "returnType": "unknown", "visibility": "public"}]}, {"name": "ContainerBlock", "properties": [], "methods": [{"name": "_init_", "returnType": "unknown", "visibility": "private"}]}, {"name": "MyApp", "properties": [], "methods": [{"name": "onInit", "returnType": "unknown", "visibility": "public"}]}, {"name": "Attributable", "properties": [], "methods": [{"name": "__init__", "returnType": "unknown", "visibility": "private"}, {"name": "addAttribute", "returnType": "unknown", "visibility": "public"}, {"name": "addAttributes", "returnType": "unknown", "visibility": "public"}, {"name": "removeAttribute", "returnType": "unknown", "visibility": "public"}]}, {"name": "Connectable", "properties": [], "methods": [{"name": "__init__", "returnType": "unknown", "visibility": "private"}, {"name": "getPort", "returnType": "unknown", "visibility": "public"}]}, {"name": "Selectable", "properties": [], "methods": [{"name": "__init__", "returnType": "unknown", "visibility": "private"}, {"name": "saveFile", "returnType": "unknown", "visibility": "public"}, {"name": "loadFile", "returnType": "unknown", "visibility": "public"}, {"name": "addShape", "returnType": "unknown", "visibility": "public"}, {"name": "deleteShape"}]}]}