{"classes": [{"name": "wx.Frame", "properties": [], "methods": []}, {"name": "wx.App", "properties": [], "methods": []}, {"name": "TestFrame__init__", "properties": [], "methods": []}, {"name": "Appointment", "properties": [], "methods": []}, {"name": "ImageViewer", "properties": [{"name": "lines", "type": "unknown", "visibility": "public"}, {"name": "clearLine", "type": "unknown", "visibility": "public"}, {"name": "draging", "type": "unknown", "visibility": "public"}, {"name": "bmp", "type": "unknown", "visibility": "public"}, {"name": "bmp_transparent_ori", "type": "unknown", "visibility": "public"}, {"name": "zoomScale", "type": "unknown", "visibility": "public"}, {"name": "clear_whole_window", "type": "unknown", "visibility": "public"}], "methods": [{"name": "was_dragging", "returnType": "unknown", "visibility": "public", "parameters": []}, {"name": "move_x", "returnType": "unknown", "visibility": "public", "parameters": []}, {"name": "move_y", "returnType": "unknown", "visibility": "public", "parameters": []}, {"name": "_last_drag_x", "returnType": "unknown", "visibility": "private", "parameters": []}, {"name": "_last_drag_y", "returnType": "unknown", "visibility": "private", "parameters": []}, {"name": "mywheelscroll", "returnType": "unknown", "visibility": "public", "parameters": []}, {"name": "popupmenu", "returnType": "unknown", "visibility": "public", "parameters": []}, {"name": "__init__", "returnType": "unknown", "visibility": "public", "parameters": []}, {"name": "ViewColImage", "returnType": "unknown", "visibility": "public", "parameters": []}, {"name": "fallback", "returnType": "unknown", "visibility": "public", "parameters": []}, {"name": "_createNewWhiteBmp", "returnType": "unknown", "visibility": "private", "parameters": []}, {"name": "onPopeItemSelected", "returnType": "unknown", "visibility": "public", "parameters": []}, {"name": "onRightButtonMena", "returnType": "unknown", "visibility": "public", "parameters": []}, {"name": "saveVImage", "returnType": "unknown", "visibility": "public", "parameters": []}, {"name": "FileLoad", "returnType": "unknown", "visibility": "public", "parameters": []}, {"name": "onKeyPress", "returnType": "unknown", "visibility": "public", "parameters": []}, {"name": "onkeyUp", "returnType": "unknown", "visibility": "public", "parameters": []}, {"name": "getWidth", "returnType": "unknown", "visibility": "public", "parameters": []}, {"name": "getHeight", "returnType": "unknown", "visibility": "public", "parameters": []}, {"name": "overErase", "returnType": "unknown", "visibility": "public", "parameters": []}, {"name": "onWheelZoom", "returnType": "unknown", "visibility": "public", "parameters": []}, {"name": "zoom", "returnType": "unknown", "visibility": "public", "parameters": []}, {"name": "onResize", "returnType": "unknown", "visibility": "public", "parameters": []}, {"name": "calcVirtSize", "returnType": "unknown", "visibility": "public", "parameters": []}, {"name": "NeedToClear", "returnType": "unknown", "visibility": "public", "parameters": []}, {"name": "DebunSize", "returnType": "unknown", "visibility": "public", "parameters": []}, {"name": "onPaint", "returnType": "unknown", "visibility": "public", "parameters": []}, {"name": "onLeftDown", "returnType": "unknown", "visibility": "public", "parameters": []}, {"name": "onLeftUp", "returnType": "unknown", "visibility": "public", "parameters": []}, {"name": "onMove", "returnType": "unknown", "visibility": "public", "parameters": []}, {"name": "doDrawing", "returnType": "unknown", "visibility": "public", "parameters": []}, {"name": "drawSavedLines", "returnType": "unknown", "visibility": "public", "parameters": []}, {"name": "setXY", "returnType": "unknown", "visibility": "public", "parameters": []}, {"name": "convertEventCoords", "returnType": "unknown", "visibility": "public", "parameters": []}]}, {"name": "wx.ScrolledWindow", "properties": [], "methods": []}, {"name": "Coords", "properties": [], "methods": []}]}