{"classes": [{"name": "Object", "properties": [], "methods": []}, {"name": "PyflakesAST", "properties": [{"name": "__file__", "type": "unknown", "visibility": "public"}], "methods": [{"name": "__init__", "returnType": "unknown", "visibility": "public", "parameters": []}, {"name": "_getAST", "returnType": "unknown", "visibility": "public", "parameters": []}, {"name": "getAST", "returnType": "unknown", "visibility": "public", "parameters": []}, {"name": "_getASTfromFile", "returnType": "unknown", "visibility": "public", "parameters": []}, {"name": "parse", "returnType": "unknown", "visibility": "public", "parameters": []}]}, {"name": "HandleClasses", "properties": [], "methods": [{"name": "__init__", "returnType": "unknown", "visibility": "public", "parameters": []}, {"name": "readAllTokenFromFile", "returnType": "unknown", "visibility": "public", "parameters": []}]}, {"name": "HandleClass", "properties": [], "methods": [{"name": "__init__", "returnType": "unknown", "visibility": "public", "parameters": []}, {"name": "readAllToken", "returnType": "unknown", "visibility": "public", "parameters": []}]}, {"name": "HandleClassAttributes", "properties": [], "methods": [{"name": "__init__", "returnType": "unknown", "visibility": "public", "parameters": []}, {"name": "_getAttrName", "returnType": "unknown", "visibility": "public", "parameters": []}, {"name": "getAttrValue", "returnType": "unknown", "visibility": "public", "parameters": []}]}, {"name": "HandleClassAnnotations", "properties": [], "methods": [{"name": "__init__", "returnType": "unknown", "visibility": "public", "parameters": []}, {"name": "_getAnnotation", "returnType": "unknown", "visibility": "public", "parameters": []}]}, {"name": "HandleClassInheritance", "properties": [], "methods": [{"name": "__init__", "returnType": "unknown", "visibility": "public", "parameters": []}, {"name": "_getSuperClass", "returnType": "unknown", "visibility": "public", "parameters": []}]}, {"name": "HandleClassMethod", "properties": [], "methods": [{"name": "__init__", "returnType": "unknown", "visibility": "public", "parameters": []}, {"name": "_getMethods", "returnType": "unknown", "visibility": "public", "parameters": []}]}, {"name": "HandleClassAttribute", "properties": [], "methods": [{"name": "__init__", "returnType": "unknown", "visibility": "public", "parameters": []}, {"name": "_getAttrName", "returnType": "unknown", "visibility": "public", "parameters": []}, {"name": "getAttrValue", "returnType": "unknown", "visibility": "public", "parameters": []}]}, {"name": "HandleClassComposites", "properties": [], "methods": [{"name": "__init__", "returnType": "unknown", "visibility": "public", "parameters": []}, {"name": "_getComposite", "returnType": "unknown", "visibility": "public", "parameters": []}]}, {"name": "HandleClassStatic", "properties": [], "methods": [{"name": "__init__", "returnType": "unknown", "visibility": "public", "parameters": []}, {"name": "_getStatic", "returnType": "unknown", "visibility": "public", "parameters": []}]}, {"name": "HandleClassMethods", "properties": [], "methods": [{"name": "__init__", "returnType": "unknown", "visibility": "public", "parameters": []}, {"name": "_getMethods", "returnType": "unknown", "visibility": "public", "parameters": []}]}, {"name": "HandleClassAnnotations", "properties": [], "methods": [{"name": "__init__", "returnType": "unknown", "visibility": "public", "parameters": []}, {"name": "_getAnnotation", "returnType": "unknown", "visibility": "public", "parameters": []}]}, {"name": "HandleClassInheritance", "properties": [], "methods": [{"name": "__init__", "returnType": "unknown", "visibility": "public", "parameters": []}, {"name": "_getSuperClass", "returnType": "unknown", "visibility": "public", "parameters": []}]}, {"name": "HandleClassAttribute", "properties": [], "methods": [{"name": "__init__", "returnType": "unknown", "visibility": "public", "parameters": []}, {"name": "_getAttrName", "returnType": "unknown", "visibility": "public", "parameters": []}, {"name": "getAttrValue", "returnType": "unknown", "visibility": "public", "parameters": []}]}, {"name": "HandleClassStatic", "properties": [], "methods": [{"name": "__init__", "returnType": "unknown", "visibility": "public", "parameters": []}, {"name": "_getStatic", "returnType": "unknown", "visibility": "public", "parameters": []}]}, {"name": "HandleClassMethods", "properties": [], "methods": [{"name": "__init__", "returnType": "unknown", "visibility": "public", "parameters": []}, {"name": "_getMethods", "returnType": "unknown", "visibility": "public", "parameters": []}]}, {"name": "HandleClassAnnotations", "properties": [], "methods": [{"name": "__init__", "returnType": "unknown", "visibility": "public", "parameters": []}, {"name": "_getAnnotation", "returnType": "unknown", "visibility": "public", "parameters": []}]}, {"name": "HandleClassInheritance", "properties": [], "methods": [{"name": "__init__", "returnType": "unknown", "visibility": "public", "parameters": []}, {"name": "_getSuperClass", "returnType": "unknown", "visibility": "public", "parameters": []}]}, {"name": "HandleClassAttribute", "properties": [], "methods": [{"name": "__init__", "returnType": "unknown", "visibility": "public", "parameters": []}, {"name": "_getAttrName", "returnType": "unknown", "visibility": "public", "parameters": []}, {"name": "getAttrValue", "returnType": "unknown", "visibility": "public", "parameters": []}]}, {"name": "HandleClassStatic", "properties": [], "methods": [{"name": "__init__", "returnType": "unknown", "visibility": "public", "parameters": []}, {}]}]}