{"classes": [{"name": "OldParseModel", "properties": [], "methods": []}, {"name": "ClassEntry", "properties": [{"name": "name", "type": "String", "visibility": "public"}, {"name": "isModulenotrealclass", "type": "bool", "visibility": "public"}], "methods": [{"name": "FindAttribute", "returnType": "void", "visibility": "public", "parameters": []}, {"name": "AddAttribute", "returnType": "void", "visibility": "public", "parameters": [{"name": "attribute", "type": "Attribute"}]}]}, {"name": "ClassDependencyTuples", "properties": [], "methods": []}, {"name": "Tuple", "properties": [{"name": "fromclass", "type": "ClassDependency", "visibility": "public"}, {"name": "toClass", "type": "ClassDependency", "visibility": "public"}], "methods": []}, {"name": "ClassDependency", "properties": [{"name": "fromclass", "type": "String", "visibility": "public"}, {"name": "toClass", "type": "String", "visibility": "public"}], "methods": []}, {"name": "ClassString", "properties": [{"name": "name", "type": "String", "visibility": "public"}], "methods": []}, {"name": "MethodName", "properties": [{"name": "name", "type": "String", "visibility": "public"}], "methods": []}, {"name": "Attribute", "properties": [{"name": "attrname", "type": "String", "visibility": "public"}, {"name": "attrtype", "type": "String", "visibility": "public"}], "methods": []}, {"name": "AttributeName", "properties": [{"name": "name", "type": "String", "visibility": "public"}], "methods": []}, {"name": "Dict Classes", "properties": [{"name": "key", "type": "String", "visibility": "public"}, {"name": "value", "type": "String", "visibility": "public"}], "methods": []}]}