{"classes": [{"name": "TopHandler", "properties": [], "methods": []}, {"name": "GUI", "properties": [], "methods": []}, {"name": "Editor", "properties": [], "methods": [{"name": "__init__", "returnType": "unknown", "visibility": "public", "parameters": []}]}, {"name": "ParentClass", "properties": [{"name": "attribute1", "type": "unknown", "visibility": "public"}, {"name": "attribute2", "type": "unknown", "visibility": "public"}, {"name": "attribute3", "type": "unknown", "visibility": "public"}], "methods": [{"name": "methodA", "returnType": "unknown", "visibility": "public", "parameters": []}, {"name": "methodB", "returnType": "unknown", "visibility": "public", "parameters": []}, {"name": "methodC", "returnType": "unknown", "visibility": "public", "parameters": []}]}, {"name": "Statechart", "properties": [], "methods": []}, {"name": "D41", "properties": [{"name": "a", "type": "unknown", "visibility": "public"}, {"name": "b", "type": "unknown", "visibility": "public"}], "methods": []}, {"name": "D26", "properties": [{"name": "c", "type": "unknown", "visibility": "public"}, {"name": "d", "type": "unknown", "visibility": "public"}], "methods": []}]}