{"classes": [{"name": "wxApp", "properties": [], "methods": []}, {"name": "BOaApp", "properties": [{"name": "name", "type": "unknown", "visibility": "public"}, {"name": "frame", "type": "unknown", "visibility": "public"}, {"name": "win", "type": "unknown", "visibility": "public"}], "methods": [{"name": "OnInit", "returnType": "unknown", "visibility": "public", "parameters": []}, {"name": "FileImport", "returnType": "unknown", "visibility": "public", "parameters": []}, {"name": "FileNew", "returnType": "unknown", "visibility": "public", "parameters": []}, {"name": "FileOpen", "returnType": "unknown", "visibility": "public", "parameters": []}, {"name": "FileSave", "returnType": "unknown", "visibility": "public", "parameters": []}, {"name": "OnButton", "returnType": "unknown", "visibility": "public", "parameters": []}, {"name": "OnCloseFrame", "returnType": "unknown", "visibility": "public", "parameters": []}]}, {"name": "Frame", "properties": [], "methods": []}, {"name": "TestWindow", "properties": [{"name": "scrollStepX", "type": "unknown", "visibility": "public"}, {"name": "scrollStepY", "type": "unknown", "visibility": "public"}, {"name": "className", "type": "unknown", "visibility": "public"}, {"name": "log", "type": "unknown", "visibility": "public"}, {"name": "metoshape", "type": "unknown", "visibility": "public"}, {"name": "diagram", "type": "unknown", "visibility": "public"}, {"name": "shapes", "type": "unknown", "visibility": "public"}, {"name": "save_gdi", "type": "unknown", "visibility": "public"}, {"name": "font1", "type": "unknown", "visibility": "public"}, {"name": "font2", "type": "unknown", "visibility": "public"}, {"name": "associations_composition", "type": "unknown", "visibility": "public"}, {"name": "associations_generalisation", "type": "unknown", "visibility": "public"}], "methods": [{"name": "init", "returnType": "unknown", "visibility": "public", "parameters": []}, {"name": "Process", "returnType": "unknown", "visibility": "public", "parameters": []}, {"name": "BuildAuxClasses", "returnType": "unknown", "visibility": "public", "parameters": []}, {"name": "Clear", "returnType": "unknown", "visibility": "public", "parameters": []}, {"name": "Go", "returnType": "unknown", "visibility": "public", "parameters": []}, {"name": "DrawAsDocLines", "returnType": "unknown", "visibility": "public", "parameters": []}, {"name": "redraw", "returnType": "unknown", "visibility": "public", "parameters": []}, {"name": "newRegion", "returnType": "unknown", "visibility": "public", "parameters": []}, {"name": "SortShapes", "returnType": "unknown", "visibility": "public", "parameters": []}, {"name": "ArrangeShapes", "returnType": "unknown", "visibility": "public", "parameters": []}, {"name": "getShape", "returnType": "unknown", "visibility": "public", "parameters": []}, {"name": "setSize", "returnType": "unknown", "visibility": "public", "parameters": []}, {"name": "MyAddShape", "returnType": "unknown", "visibility": "public", "parameters": []}, {"name": "addShape", "returnType": "unknown", "visibility": "public", "parameters": []}, {"name": "setRoy", "returnType": "unknown", "visibility": "public", "parameters": []}, {"name": "OnBeginDragLeft", "returnType": "unknown", "visibility": "public", "parameters": []}, {"name": "OnEndDragLeft", "returnType": "unknown", "visibility": "public", "parameters": []}]}, {"name": "wxDividedShape", "properties": [], "methods": []}, {"name": "DiamondShape", "properties": [{"name": "__init__", "type": "unknown", "visibility": "public"}], "methods": []}, {"name": "RoundedRectangleShape", "properties": [{"name": "region1", "type": "unknown", "visibility": "public"}], "methods": []}, {"name": "DividedShape", "properties": [{"name": "region1", "type": "unknown", "visibility": "public"}, {"name": "region2", "type": "unknown", "visibility": "public"}, {"name": "region3", "type": "unknown", "visibility": "public"}], "methods": [{"name": "__init__", "returnType": "unknown", "visibility": "public", "parameters": []}, {"name": "BuildRegions", "returnType": "unknown", "visibility": "public", "parameters": []}, {"name": "FlushText", "returnType": "unknown", "visibility": "public", "parameters": []}, {"name": "ReformatRegions", "returnType": "unknown", "visibility": "public", "parameters": []}, {"name": "OnSizingEndDragLeft", "returnType": "unknown", "visibility": "public", "parameters": []}]}, {"name": "DividedShapeSmall", "properties": [{"name": "region1", "type": "unknown", "visibility": "public"}], "methods": [{"name": "__init__", "returnType": "unknown", "visibility": "public", "parameters": []}, {"name": "BuildRegions", "returnType": "unknown", "visibility": "public", "parameters": []}, {"name": "ReformatRegions", "returnType": "unknown", "visibility": "public", "parameters": []}, {"name": "OnSizingEndDragLeft", "returnType": "unknown", "visibility": "public", "parameters": []}]}, {"name": "wxPolygonShape", "properties": [], "methods": []}, {"name": "wxRectangleShape", "properties": [], "methods": []}, {"name": "wxDiagram", "properties": [], "methods": []}, {"name": "wxFont", "properties": [], "methods": []}, {"name": "wxShapeEventHandler", "properties": [{"name": "logubarFrame", "type": "unknown", "visibility": "public"}], "methods": [{"name": "__init__", "returnType": "unknown", "visibility": "public", "parameters": []}, {"name": "UpdateStatusBar", "returnType": "unknown", "visibility": "public"}]}]}