{"classes": [{"name": "HandleClassAttributes", "properties": [], "methods": [{"name": "__init__", "returnType": "()", "visibility": "public"}, {"name": "on_newline", "returnType": "()", "visibility": "public"}, {"name": "_clearwaiting", "returnType": "()", "visibility": "public"}, {"name": "JustGotselfAttr", "returnType": "()", "visibility": "public"}, {"name": "on_meat", "returnType": "()", "visibility": "public"}, {"name": "_AddAttribute", "returnType": "()", "visibility": "public"}]}, {"name": "HandleClasses", "properties": [], "methods": [{"name": "__init__", "returnType": "()", "visibility": "public"}, {"name": "_on_deindent", "returnType": "()", "visibility": "protected"}, {"name": "_DerivedNestedClassName", "returnType": "()", "visibility": "protected"}, {"name": "PushcurrClass", "returnType": "()", "visibility": "public"}, {"name": "PopcurrClass", "returnType": "()", "visibility": "public"}, {"name": "GetcurrClassstudentLevel", "returnType": "()", "visibility": "public"}, {"name": "GetcurrClass", "returnType": "()", "visibility": "public"}, {"name": "_JustThenotchlass", "returnType": "()", "visibility": "protected"}, {"name": "on_newline", "returnType": "()", "visibility": "public"}, {"name": "on_meat", "returnType": "()", "visibility": "public"}]}, {"name": "HandleDefs", "properties": [], "methods": []}, {"name": "object", "properties": [], "methods": []}, {"name": "AndyBasicParseEngine", "properties": [], "methods": []}]}