{"classes": [{"name": "PythonToJava", "properties": [], "methods": []}, {"name": "AnalyzeBasicParseEngine", "properties": [], "methods": []}, {"name": "_HandleHeriedClasses", "properties": [], "methods": []}, {"name": "HandleHeriedClasses", "properties": [], "methods": []}, {"name": "_HandleHeriedClassesAttributes", "properties": [], "methods": []}, {"name": "HandleHeriedClassesAttributes", "properties": [], "methods": []}, {"name": "HandleClassAttributes", "properties": [], "methods": []}, {"name": "HandleClassAttributes", "properties": [], "methods": []}, {"name": "HandleBets", "properties": [], "methods": []}, {"name": "_HandleComplexities", "properties": [], "methods": []}, {"name": "classEntry", "properties": [{"name": "attrs", "type": "unknown", "visibility": "public"}], "methods": [{"name": "__init__", "returnType": "unknown", "visibility": "public", "parameters": []}, {"name": "_clearScanning", "returnType": "unknown", "visibility": "public", "parameters": []}, {"name": "_on_neatline", "returnType": "unknown", "visibility": "public", "parameters": []}, {"name": "_justGotAGamma", "returnType": "unknown", "visibility": "public", "parameters": []}, {"name": "_onu8089", "returnType": "unknown", "visibility": "public", "parameters": []}, {"name": "_AddAttributeLevel", "returnType": "unknown", "visibility": "public", "parameters": []}]}, {"name": "Attribute", "properties": [], "methods": []}, {"name": "PySourceText", "properties": [{"name": "result", "type": "unknown", "visibility": "public"}], "methods": [{"name": "__init__", "returnType": "unknown", "visibility": "public", "parameters": []}, {"name": "_dumpCompositeExtraFooter", "returnType": "unknown", "visibility": "public", "parameters": []}, {"name": "createOutFile", "returnType": "unknown", "visibility": "public", "parameters": []}, {"name": "dumpClassNameAndGeneralisations", "returnType": "unknown", "visibility": "public", "parameters": []}, {"name": "_dumpMethods", "returnType": "unknown", "visibility": "public", "parameters": []}, {"name": "dumpClassHeader", "returnType": "unknown", "visibility": "public", "parameters": []}, {"name": "_dumpClassHeaderMethods", "returnType": "unknown", "visibility": "public", "parameters": []}, {"name": "_str_", "returnType": "unknown", "visibility": "public", "parameters": []}]}, {"name": "DumpCompositeExtraFooter", "properties": [], "methods": []}, {"name": "DumpCompositeExtraFooter", "properties": [], "methods": []}, {"name": "DumpCompositeExtraFooter", "properties": [], "methods": []}, {"name": "DumpCompositeExtraFooter", "properties": [], "methods": []}, {"name": "DumpCompositeExtraFooter", "properties": [], "methods": []}, {"name": "DumpCompositeExtraFooter", "properties": [], "methods": []}, {"name": "DumpCompositeExtraFooter", "properties": [], "methods": []}, {"name": "DumpCompositeExtraFooter", "properties": [], "methods": []}, {"name": "DumpCompositeExtraFooter", "properties": [], "methods": []}, {"name": "DumpCompositeExtraFooter", "properties": [], "methods": []}, {"name": "DumpCompositeExtraFooter", "properties": [], "methods": []}, {"name": "DumpCompositeExtraFooter", "properties": [], "methods": []}, {"name": "DumpCompositeExtraFooter", "properties": [], "methods": []}, {"name": "DumpCompositeExtraFooter", "properties": [], "methods": []}, {"name": "DumpCompositeExtraFooter", "properties": [], "methods": []}, {"name": "DumpCompositeExtraFooter", "properties": [], "methods": []}, {"name": "DumpCompositeExtraFooter", "properties": [], "methods": []}, {"name": "DumpCompositeExtraFooter", "properties": [], "methods": []}, {"name": "DumpCompositeExtraFooter", "properties": [], "methods": []}, {"name": "DumpCompositeExtraFooter", "properties": [], "methods": []}, {"name": "DumpCompositeExtraFooter", "properties": [], "methods": []}, {"name": "DumpCompositeExtraFooter", "properties": [], "methods": []}, {"name": "DumpCompositeExtraFooter", "properties": [], "methods": []}, {"name": "DumpCompositeExtraFooter", "properties": [], "methods": []}, {"name": "DumpCompositeExtraFooter", "properties": [], "methods": []}, {"name": "DumpCompositeExtraFooter", "properties": [], "methods": []}, {"name": "DumpCompositeExtraFooter", "properties": [], "methods": []}, {"name": "DumpCompositeExtraFooter", "properties": [], "methods": []}, {"name": "DumpCompositeExtraFooter", "properties": [], "methods": []}, {"name": "DumpCompositeExtraFooter", "properties": [], "methods": []}, {"name": "DumpCompositeExtraFooter", "properties": [], "methods": []}, {"name": "DumpCompositeExtraFooter", "properties": [], "methods": []}, {"name": "DumpCompositeExtraFooter", "properties": [], "methods": []}, {"name": "DumpCompositeExtraFooter", "properties": [], "methods": []}, {"name": "DumpCompositeExtraFooter", "properties": [], "methods": []}, {"name": "DumpCompositeExtraFooter", "properties": [], "methods": []}, {"name": "DumpCompositeExtraFooter", "properties": [], "methods": []}, {"name": "DumpCompositeExtraFooter", "properties": [], "methods": []}, {"name": "DumpCompositeExtraFooter", "properties": [], "methods": []}, {"name": "DumpCompositeExtraFooter", "properties": [], "methods": []}, {"name": "DumpCompositeExtraFooter", "properties": [], "methods": []}, {"name": "DumpCompositeExtraFooter", "properties": [], "methods": []}, {"name": "DumpCompositeExtraFooter", "properties": [], "methods": []}, {"name": "DumpCompositeExtraFooter", "properties": [], "methods": []}, {"name": "DumpCompositeExtraFooter", "properties": [], "methods": []}, {"name": "DumpCompositeExtraFooter", "properties": [], "methods": []}, {"name": "DumpCompositeExtraFooter", "properties": [], "methods": []}, {"name": "DumpCompositeExtraFooter", "properties": [], "methods": []}, {"name": "DumpCompositeExtraFooter", "properties": [], "methods": []}, {"name": "DumpCompositeExtraFooter", "properties": [], "methods": []}, {"name": "DumpCompositeExtraFooter"}]}