{"classes": [{"name": "Customer", "properties": [], "methods": []}, {"name": "Order", "properties": [], "methods": []}, {"name": "PaymentMethod", "properties": [], "methods": []}, {"name": "LineItem", "properties": [], "methods": []}, {"name": "Person", "properties": [{"name": "firstName", "type": "string", "visibility": "public"}, {"name": "lastName", "type": "string", "visibility": "public"}], "methods": [{"name": "getName", "returnType": "string", "visibility": "public", "parameters": []}]}, {"name": "OrderDetails", "properties": [{"name": "paymentMethod", "type": "PaymentMethod", "visibility": "private"}, {"name": "lineItems", "type": "List(LineItem)", "visibility": "private"}], "methods": [{"name": "addLineItem", "returnType": "void", "visibility": "public", "parameters": [{"name": "lineItem", "type": "LineItem"}]}, {"name": "getTotalAmount", "returnType": "double", "visibility": "public", "parameters": []}]}]}