{"classes": [{"name": "WebApplication", "properties": [], "methods": [{"name": "internalInit", "returnType": "unknown", "visibility": "private", "parameters": []}, {"name": "init", "returnType": "unknown", "visibility": "public", "parameters": []}]}, {"name": "MyWebApplication", "properties": [], "methods": [{"name": "init", "returnType": "unknown", "visibility": "public", "parameters": [{"name": "applicationContext", "type": "unknown"}]}, {"name": "setApplicationContext", "returnType": "unknown", "visibility": "public", "parameters": [{"name": "applicationContext", "type": "unknown"}]}]}, {"name": "ApplicationContextAware", "properties": [], "methods": [], "relationships": [{"relationship": "implements", "otherClass": "MyWebApplication"}]}], "relationships": [{"relationship": "extends", "from": "MyWebApplication", "to": "WebApplication"}]}